{"cameraMode":{"drawMode":0,"name":"Shaded","section":"Shading Mode"},"sceneLighting":true,"audioPlay":false,"sceneViewState":{"showFog":true,"showMaterialUpdate":false,"showSkybox":true,"showFlares":true,"showImageEffects":true,"showParticleSystems":true},"in2DMode":false,"pivot":{"x":-11.41308307647705,"y":-25.882598876953126,"z":-40.116455078125},"rotation":{"x":-0.3992719054222107,"y":-0.04755286127328873,"z":0.020742081105709077,"w":-0.915363609790802},"size":151.352783203125,"orthographic":false}