{"cameraMode":{"drawMode":0,"name":"Shaded","section":"Shading Mode"},"sceneLighting":false,"audioPlay":false,"sceneViewState":{"showFog":true,"showMaterialUpdate":false,"showSkybox":true,"showFlares":true,"showImageEffects":true,"showParticleSystems":true},"in2DMode":false,"pivot":{"x":8.819999694824219,"y":5.639999866485596,"z":3.3399999141693117},"rotation":{"x":-0.16970741748809815,"y":0.728382408618927,"z":-0.1947871595621109,"w":-0.634599506855011},"size":1.6664183139801026,"orthographic":false}