{"cameraMode":{"drawMode":0,"name":"Shaded","section":"Shading Mode"},"sceneLighting":true,"audioPlay":false,"sceneViewState":{"showFog":true,"showMaterialUpdate":false,"showSkybox":true,"showFlares":true,"showImageEffects":true,"showParticleSystems":true},"in2DMode":false,"pivot":{"x":14.849090576171875,"y":6.489018440246582,"z":1.2235119342803956},"rotation":{"x":-0.16970741748809815,"y":0.728382408618927,"z":-0.1947871595621109,"w":-0.634599506855011},"size":6.945235729217529,"orthographic":false}