{"cameraMode":{"drawMode":0,"name":"Shaded","section":"Shading Mode"},"sceneLighting":true,"audioPlay":false,"sceneViewState":{"showFog":true,"showMaterialUpdate":false,"showSkybox":true,"showFlares":true,"showImageEffects":true,"showParticleSystems":true},"in2DMode":false,"pivot":{"x":14.757331848144532,"y":-3.7843475341796877,"z":30.865543365478517},"rotation":{"x":-0.2570502758026123,"y":0.5728378295898438,"z":-0.19544929265975953,"w":-0.7533801198005676},"size":139.84884643554688,"orthographic":false}