{"cameraMode":{"drawMode":0,"name":"Shaded","section":"Shading Mode"},"sceneLighting":false,"audioPlay":false,"sceneViewState":{"showFog":true,"showMaterialUpdate":false,"showSkybox":true,"showFlares":true,"showImageEffects":true,"showParticleSystems":true},"in2DMode":false,"pivot":{"x":-49.86070251464844,"y":-5.286225318908691,"z":-80.29120635986328},"rotation":{"x":0.17138630151748658,"y":-0.8166590929031372,"z":0.30488473176956179,"w":0.4590642750263214},"size":2.8578836917877199,"orthographic":false}