{"cameraMode":{"drawMode":0,"name":"Shaded","section":"Shading Mode"},"sceneLighting":false,"audioPlay":false,"sceneViewState":{"showFog":true,"showMaterialUpdate":false,"showSkybox":true,"showFlares":true,"showImageEffects":true,"showParticleSystems":true},"in2DMode":false,"pivot":{"x":-5.809165954589844,"y":7.193012237548828,"z":5.213785171508789},"rotation":{"x":-0.22584204375743867,"y":-0.26992085576057436,"z":0.06528618186712265,"w":-0.9337429404258728},"size":38.18179702758789,"orthographic":false}