{"cameraMode":{"drawMode":0,"name":"Shaded","section":"Shading Mode"},"sceneLighting":true,"audioPlay":false,"sceneViewState":{"showFog":true,"showMaterialUpdate":false,"showSkybox":true,"showFlares":true,"showImageEffects":true,"showParticleSystems":true},"in2DMode":false,"pivot":{"x":41.57217025756836,"y":3.8793187141418459,"z":-67.50536346435547},"rotation":{"x":-0.2269136905670166,"y":0.6349366307258606,"z":-0.2029048353433609,"w":-0.7100671529769898},"size":161.23141479492188,"orthographic":false}