{"cameraMode":{"drawMode":0,"name":"Shaded","section":"Shading Mode"},"sceneLighting":false,"audioPlay":false,"sceneViewState":{"showFog":true,"showMaterialUpdate":false,"showSkybox":true,"showFlares":true,"showImageEffects":true,"showParticleSystems":true},"in2DMode":false,"pivot":{"x":7.2124786376953129,"y":-11.062423706054688,"z":2.449554443359375},"rotation":{"x":-0.406807005405426,"y":0.46106746792793276,"z":-0.2508711516857147,"w":-0.7476553320884705},"size":307.39373779296877,"orthographic":false}