{"cameraMode":{"drawMode":0,"name":"Shaded","section":"Shading Mode"},"sceneLighting":true,"audioPlay":false,"sceneViewState":{"showFog":true,"showMaterialUpdate":false,"showSkybox":true,"showFlares":true,"showImageEffects":true,"showParticleSystems":true},"in2DMode":false,"pivot":{"x":-29.896018981933595,"y":-26.217845916748048,"z":-63.88127899169922},"rotation":{"x":-0.4342763423919678,"y":0.40306830406188967,"z":-0.2264176905155182,"w":-0.7730945348739624},"size":76.22122955322266,"orthographic":false}