{"cameraMode":{"drawMode":0,"name":"Shaded","section":"Shading Mode"},"sceneLighting":false,"audioPlay":false,"sceneViewState":{"showFog":true,"showMaterialUpdate":false,"showSkybox":true,"showFlares":true,"showImageEffects":true,"showParticleSystems":true},"in2DMode":false,"pivot":{"x":0.07255661487579346,"y":3.867332935333252,"z":0.43700432777404787},"rotation":{"x":-0.3586661219596863,"y":0.39944180846214297,"z":-0.17351970076560975,"w":-0.8256487846374512},"size":14.37552261352539,"orthographic":false}