{"cameraMode":{"drawMode":0,"name":"Shaded","section":"Shading Mode"},"sceneLighting":true,"audioPlay":false,"sceneViewState":{"showFog":true,"showMaterialUpdate":false,"showSkybox":true,"showFlares":true,"showImageEffects":true,"showParticleSystems":true},"in2DMode":false,"pivot":{"x":21.7576904296875,"y":-32.420562744140628,"z":-26.632240295410158},"rotation":{"x":-0.38061895966529848,"y":0.2805730104446411,"z":-0.12238244712352753,"w":-0.8725998997688294},"size":176.55064392089845,"orthographic":false}