{"cameraMode":{"drawMode":0,"name":"Shaded","section":"Shading Mode"},"sceneLighting":false,"audioPlay":false,"sceneViewState":{"showFog":true,"showMaterialUpdate":false,"showSkybox":true,"showFlares":true,"showImageEffects":true,"showParticleSystems":true},"in2DMode":false,"pivot":{"x":0.0010627508163452149,"y":3.3038992881774904,"z":0.1568208932876587},"rotation":{"x":-0.05111473426222801,"y":0.6549367904663086,"z":-0.044479530304670337,"w":-0.752639889717102},"size":12.750579833984375,"orthographic":false}