{"cameraMode":{"drawMode":0,"name":"Shaded","section":"Shading Mode"},"sceneLighting":false,"audioPlay":false,"sceneViewState":{"showFog":true,"showMaterialUpdate":false,"showSkybox":true,"showFlares":true,"showImageEffects":true,"showParticleSystems":true},"in2DMode":false,"pivot":{"x":0.0010627508163452149,"y":3.3038992881774904,"z":0.1568208932876587},"rotation":{"x":-0.3586661219596863,"y":0.39944180846214297,"z":-0.17351970076560975,"w":-0.8256487846374512},"size":12.750579833984375,"orthographic":false}