{"cameraMode":{"drawMode":0,"name":"Shaded","section":"Shading Mode"},"sceneLighting":false,"audioPlay":false,"sceneViewState":{"showFog":true,"showMaterialUpdate":false,"showSkybox":true,"showFlares":true,"showImageEffects":true,"showParticleSystems":true},"in2DMode":false,"pivot":{"x":-42.29999923706055,"y":6.940000057220459,"z":36.900001525878909},"rotation":{"x":-0.3364124000072479,"y":0.6635639071464539,"z":-0.46904119849205019,"w":-0.4759306013584137},"size":6.230186462402344,"orthographic":false}