{"cameraMode":{"drawMode":0,"name":"Shaded","section":"Shading Mode"},"sceneLighting":false,"audioPlay":false,"sceneViewState":{"showFog":true,"showMaterialUpdate":false,"showSkybox":true,"showFlares":true,"showImageEffects":true,"showParticleSystems":true},"in2DMode":false,"pivot":{"x":0.0020728111267089845,"y":3.470689535140991,"z":0.4947831928730011},"rotation":{"x":-0.3586661219596863,"y":0.39944180846214297,"z":-0.17351970076560975,"w":-0.8256487846374512},"size":12.641630172729493,"orthographic":false}