{"cameraMode":{"drawMode":0,"name":"Shaded","section":"Shading Mode"},"sceneLighting":false,"audioPlay":false,"sceneViewState":{"showFog":true,"showMaterialUpdate":false,"showSkybox":true,"showFlares":true,"showImageEffects":true,"showParticleSystems":true},"in2DMode":false,"pivot":{"x":0.0020728111267089845,"y":3.4833478927612306,"z":0.255215048789978},"rotation":{"x":0.04809468239545822,"y":0.31425440311431887,"z":0.015943137928843499,"w":-0.9479857087135315},"size":12.696065902709961,"orthographic":false}