{"cameraMode":{"drawMode":0,"name":"Shaded","section":"Shading Mode"},"sceneLighting":true,"audioPlay":false,"sceneViewState":{"showFog":true,"showMaterialUpdate":false,"showSkybox":true,"showFlares":true,"showImageEffects":true,"showParticleSystems":true},"in2DMode":false,"pivot":{"x":8.819999694824219,"y":1.369999885559082,"z":0.0},"rotation":{"x":-0.3313794434070587,"y":0.08813188970088959,"z":-0.03110705129802227,"w":-0.9388571977615356},"size":48.012447357177737,"orthographic":false}