{"cameraMode":{"drawMode":0,"name":"Shaded","section":"Shading Mode"},"sceneLighting":true,"audioPlay":false,"sceneViewState":{"showFog":true,"showMaterialUpdate":false,"showSkybox":true,"showFlares":true,"showImageEffects":true,"showParticleSystems":true},"in2DMode":false,"pivot":{"x":80.5321044921875,"y":-4.340000152587891,"z":-26.90999984741211},"rotation":{"x":-0.12752820551395417,"y":0.6993253231048584,"z":-0.12899009883403779,"w":-0.6914060115814209},"size":18.521203994750978,"orthographic":true}