{"cameraMode":{"drawMode":0,"name":"Shaded","section":"Shading Mode"},"sceneLighting":true,"audioPlay":false,"sceneViewState":{"showFog":true,"showMaterialUpdate":false,"showSkybox":true,"showFlares":true,"showImageEffects":true,"showParticleSystems":true},"in2DMode":false,"pivot":{"x":72.21731567382813,"y":0.869999885559082,"z":-19.850948333740236},"rotation":{"x":-0.2154097855091095,"y":0.15364444255828858,"z":-0.03434167802333832,"w":-0.9637492895126343},"size":59.61545944213867,"orthographic":true}