{"cameraMode":{"drawMode":0,"name":"Shaded","section":"Shading Mode"},"sceneLighting":true,"audioPlay":false,"sceneViewState":{"showFog":true,"showMaterialUpdate":false,"showSkybox":true,"showFlares":true,"showImageEffects":true,"showParticleSystems":true},"in2DMode":false,"pivot":{"x":-12.415658950805664,"y":-25.377182006835939,"z":-36.63572692871094},"rotation":{"x":-0.34056535363197329,"y":0.327351450920105,"z":-0.1278400421142578,"w":-0.8720741271972656},"size":67.89349365234375,"orthographic":false}