{"cameraMode":{"drawMode":0,"name":"Shaded","section":"Shading Mode"},"sceneLighting":true,"audioPlay":false,"sceneViewState":{"showFog":true,"showMaterialUpdate":false,"showSkybox":true,"showFlares":true,"showImageEffects":true,"showParticleSystems":true},"in2DMode":false,"pivot":{"x":13.533806800842286,"y":-6.820000648498535,"z":-40.840423583984378},"rotation":{"x":-0.2154097855091095,"y":0.15364444255828858,"z":-0.03434167802333832,"w":-0.9637492895126343},"size":59.61545181274414,"orthographic":true}