{"cameraMode":{"drawMode":0,"name":"Shaded","section":"Shading Mode"},"sceneLighting":true,"audioPlay":false,"sceneViewState":{"showFog":true,"showMaterialUpdate":false,"showSkybox":true,"showFlares":true,"showImageEffects":true,"showParticleSystems":true},"in2DMode":false,"pivot":{"x":-8.09389877319336,"y":3.2938992977142336,"z":6.063098430633545},"rotation":{"x":-0.2154097855091095,"y":0.15364444255828858,"z":-0.03434167802333832,"w":-0.9637492895126343},"size":74.30078125,"orthographic":true}